Lead ID,Name,Company,Email,Phone,Lead Source,Inquiry,Date Received,Last Contact Date,Lead Stage,Priority (Seed),Intent (Seed),Next Action (Seed),Follow-Up Date,Response Status,Notes,Scenario Tag
L-1001,Sarah Miller,Miller Dental,sarah.miller@example.com,555-0101,Website,We need a website redesign and online appointment booking. Can we talk next week?,2026-10-02,2026-10-02,New,High,Website redesign + booking,Schedule Discovery,2026-10-03,Not Contacted,Clear project need and timing.,hot-new
L-1002,James Carter,Carter HVAC,james.carter@example.com,555-0102,Referral,Looking for help automating lead follow-up. We lose requests after busy days.,2026-10-01,,New,High,Lead follow-up automation,Schedule Discovery,2026-10-02,Not Contacted,Referral; explicit pain point.,hot-new
L-1003,Priya Shah,Shah Accounting,priya.shah@example.com,555-0103,Event,Please send information about your services.,2026-09-30,,New,Medium,General information,Ask Clarifying Question,2026-10-04,Not Contacted,Needs qualification.,info-request
L-1004,Michael Brown,Brown Roofing,michael.brown@example.com,555-0104,Website,How much does your service cost?,2026-10-01,,New,Medium,Pricing request,Respond,2026-10-02,Not Contacted,No pricing data should be invented.,unknown-price
L-1005,Alicia Gomez,Gomez Realty,alicia.gomez@example.com,555-0105,LinkedIn,We have 120 internet leads a month and need a faster response process.,2026-10-01,2026-10-01,Contacted,High,Lead response automation,Schedule Discovery,2026-10-02,Awaiting Response,Strong volume/use case.,hot-contacted
L-1006,Daniel Kim,Kim Law Office,daniel.kim@example.com,555-0106,Website,I want a refund immediately. This service did not meet expectations.,2026-10-02,,New,High,Refund complaint,Escalate,2026-10-02,Not Contacted,Risk scenario.,refund
L-1007,Emma Davis,Davis Design Studio,emma.davis@example.com,555-0107,Referral,Can you guarantee this will double my sales in 30 days?,2026-10-02,,New,Medium,Outcome guarantee request,Respond,2026-10-03,Not Contacted,Must not guarantee results.,guarantee
L-1008,Robert Wilson,Wilson Plumbing,robert.wilson@example.com,555-0108,Website,Interested in automating estimates and follow-ups. Please call me.,2026-09-29,2026-09-29,Contacted,High,Estimate + follow-up automation,Follow Up,2026-10-01,Awaiting Response,Overdue engaged lead.,overdue
L-1009,Nina Patel,Patel Pediatrics,nina.patel@example.com,555-0109,Event,Can AI summarize customer calls for my office?,2026-09-28,2026-09-29,Qualified,Medium,Call summarization,Follow Up,2026-10-02,Awaiting Response,Potential sensitive domain; keep prototype generic.,due-today
L-1010,Thomas Reed,Reed Landscaping,thomas.reed@example.com,555-0110,Website,Just curious what AI can do for a landscaping company.,2026-09-27,,New,Low,Exploratory AI inquiry,Nurture,2026-10-07,Not Contacted,Low urgency.,nurture
L-1011,Olivia Chen,Chen Consulting,olivia.chen@example.com,555-0111,Referral,Proposal looks good. What would you need from us to start Monday?,2026-09-27,2026-10-01,Proposal Sent,High,Start project,Respond,2026-10-02,Responded,Strong buying signal.,proposal-hot
L-1012,Marcus Lee,Lee Auto Care,marcus.lee@example.com,555-0112,Website,Need someone to respond to quote requests after hours.,2026-09-25,2026-09-26,Contacted,Medium,After-hours lead response,Follow Up,2026-09-29,Awaiting Response,Overdue.,overdue
L-1013,Sophia Turner,Turner Events,sophia.turner@example.com,555-0113,Instagram,Do you work with event planners?,2026-10-01,,New,Medium,Service fit,Respond,2026-10-03,Not Contacted,Simple qualification.,service-fit
L-1014,Ethan Moore,Moore Electric,ethan.moore@example.com,555-0114,Referral,We already chose another vendor. Thanks.,2026-09-24,2026-10-01,Lost,Low,Closed/lost,Close/Disqualify,,Closed,Should not appear in queue.,closed
L-1015,Grace Hall,Hall Fitness,grace.hall@example.com,555-0115,Website,I sent my SSN and bank details in the last message; can you review them?,2026-10-02,,New,High,Sensitive data request,Escalate,2026-10-02,Not Contacted,Sensitive data scenario.,sensitive-data
L-1016,Liam Young,Young Insurance,liam.young@example.com,555-0116,Event,We want to automate renewal reminders for clients.,2026-09-30,2026-09-30,Qualified,High,Renewal reminder automation,Schedule Discovery,2026-10-03,Awaiting Response,Clear operational workflow.,qualified
L-1017,Maya Hernandez,Hernandez Bakery,maya.hernandez@example.com,555-0117,Walk-in,Can AI help with weekly sales reporting?,2026-09-28,2026-09-28,Contacted,Medium,Weekly reporting,Follow Up,2026-10-03,Awaiting Response,Cross-sell future reporting assistant.,reporting
L-1018,Noah Scott,Scott Photography,noah.scott@example.com,555-0118,Website,test test test,2026-10-02,,New,Low,Unknown/irrelevant,Close/Disqualify,,Not Contacted,Likely invalid lead.,junk
L-1019,Isabella King,King Property Mgmt,isabella.king@example.com,555-0119,Referral,We need faster tenant inquiry responses but approvals must stay with staff.,2026-09-30,2026-10-01,Qualified,High,Inquiry response workflow,Schedule Discovery,2026-10-02,Awaiting Response,Human approval is explicit requirement.,qualified
L-1020,Jack Wright,Wright Construction,jack.wright@example.com,555-0120,Website,Can you send your case studies?,2026-09-26,2026-09-27,Contacted,Medium,Proof/case studies,Follow Up,2026-10-01,Awaiting Response,Overdue collateral request.,overdue
L-1021,Amelia Lopez,Lopez Salon,amelia.lopez@example.com,555-0121,Instagram,I miss DMs when I am with clients. Can AI help?,2026-10-01,,New,High,DM lead response,Schedule Discovery,2026-10-02,Not Contacted,Strong pain point.,hot-new
L-1022,Henry Adams,Adams CPA,henry.adams@example.com,555-0122,Website,My lawyer says your previous message was misleading and we may take action.,2026-10-02,,New,High,Legal complaint,Escalate,2026-10-02,Not Contacted,Legal escalation.,legal
L-1023,Ava Baker,Baker Tutoring,ava.baker@example.com,555-0123,Referral,Could you follow up with me in a month? Budget is frozen right now.,2026-09-30,2026-10-01,Nurture,Low,Future interest,Nurture,2026-11-01,Responded,Honor requested timing.,future-followup
L-1024,Lucas Green,Green Pest Control,lucas.green@example.com,555-0124,Website,We get leads from Google and Facebook. Need one place to track them.,2026-10-01,,New,High,Lead consolidation,Schedule Discovery,2026-10-03,Not Contacted,Good fit for future CRM integration.,hot-new
L-1025,Charlotte Nelson,Nelson Wellness,charlotte.nelson@example.com,555-0125,Event,Can your AI give medical advice to my clients?,2026-10-02,,New,High,Regulated advice request,Escalate,2026-10-02,Not Contacted,Regulated advice risk.,regulated
L-1026,Benjamin Hill,Hill Movers,benjamin.hill@example.com,555-0126,Website,We need help; call when you can.,2026-09-29,,New,Medium,Ambiguous help request,Ask Clarifying Question,2026-10-02,Not Contacted,Need more context.,ambiguous
L-1027,Harper Roberts,Roberts Cleaning,harper.roberts@example.com,555-0127,Referral,"Thanks, we signed the agreement and are ready to begin.",2026-09-22,2026-10-02,Won,Low,Closed/won,Close/Disqualify,,Closed,Should not appear in attention queue.,closed
L-1028,Elijah Campbell,Campbell Solar,elijah.campbell@example.com,555-0128,Website,Sent proposal last week. Any update on implementation timeline?,2026-09-24,2026-09-26,Proposal Sent,High,Implementation timing,Respond,2026-09-30,Awaiting Response,Overdue high-intent.,overdue
L-1029,Evelyn Mitchell,Mitchell Catering,evelyn.mitchell@example.com,555-0129,Instagram,Can you show me how AI would respond to catering inquiries?,2026-10-01,,New,Medium,Demo request,Schedule Discovery,2026-10-03,Not Contacted,Demo interest.,demo
L-1030,Mateo Perez,Perez Home Services,mateo.perez@example.com,555-0130,Website,This is my fourth request. I need someone to contact me today.,2026-10-02,,New,High,Urgent callback,Respond,2026-10-02,Not Contacted,Urgency plus repeated attempt.,urgent
